Sensor2_RH,Ref_RH
51.9,50.48812
73.4,74.92104
80.2,82.99154
87.2,90.9268
